table_name,TT,Loại công trình,≤ 10,20,50,100,200,500,1.000,2.000,5.000,10.000,20.000,≥ 30.000,≤ 15,≥ 20.000,≤ 1,3,7,15,40,5,10,150,240,Cấp công trình,8.000,≥ 10.000,Công trình,≤ 5,≥ 500,Cấp điện áp,≥ 1.000,25,Chi phí tư vấn (chưa thuế GTGT) (tỷ đồng),Chi phí khảo sát (chưa thuế GTGT) (tỷ đồng),≥ 50
Bảng 1.1: Định mức chi phí quản lý dự án,1,Công trình dân dụng,"3,446","2,923","2,610","2,017","1,886","1,514","1,239","0,958","0,711","0,510","0,381","0,305",,,,,,,,,,,,,,,,,,,,,,,
Bảng 1.1: Định mức chi phí quản lý dự án,2,Công trình công nghiệp,"3,557","3,018","2,694","2,082","1,947","1,564","1,279","1,103","0,734","0,527","0,393","0,314",,,,,,,,,,,,,,,,,,,,,,,
Bảng 1.1: Định mức chi phí quản lý dự án,3,Công trình giao thông,"3,024","2,566","2,292","1,771","1,655","1,329","1,088","0,937","0,624","0,448","0,335","0,268",,,,,,,,,,,,,,,,,,,,,,,
Bảng 1.1: Định mức chi phí quản lý dự án,4,Công trình phục vụ nông nghiệp và MT,"3,263","2,769","2,473","1,910","1,786","1,434","1,173","1,011","0,673","0,483","0,361","0,289",,,,,,,,,,,,,,,,,,,,,,,
Bảng 1.1: Định mức chi phí quản lý dự án,5,Công trình hạ tầng kỹ thuật,"3,115","2,643","2,360","1,823","1,705","1,369","1,120","0,965","0,642","0,461","0,345","0,276",,,,,,,,,,,,,,,,,,,,,,,
Bảng 2.1: Định mức chi phí lập báo cáo đề xuất chủ trương đầu tư,1,Công trình dân dụng,,"0,169","0,108","0,045","0,041","0,039","0,036","0,032","0,029","0,024",,,"0,301","0,021",,,,,,,,,,,,,,,,,,,,,
Bảng 2.1: Định mức chi phí lập báo cáo đề xuất chủ trương đầu tư,2,Công trình công nghiệp,,"0,198","0,132","0,073","0,067","0,063","0,056","0,048","0,041","0,031",,,"0,341","0,027",,,,,,,,,,,,,,,,,,,,,
Bảng 2.1: Định mức chi phí lập báo cáo đề xuất chủ trương đầu tư,3,Công trình giao thông,,"0,100","0,071","0,028","0,026","0,025","0,023","0,021","0,019","0,017",,,"0,165","0,015",,,,,,,,,,,,,,,,,,,,,
Bảng 2.1: Định mức chi phí lập báo cáo đề xuất chủ trương đầu tư,4,Công trình phục vụ nông nghiệp và MT,,"0,137","0,086","0,038","0,035","0,033","0,030","0,027","0,024","0,021",,,"0,226","0,018",,,,,,,,,,,,,,,,,,,,,
Bảng 2.1: Định mức chi phí lập báo cáo đề xuất chủ trương đầu tư,5,Công trình hạ tầng kỹ thuật,,"0,105","0,073","0,030","0,027","0,026","0,024","0,021","0,018","0,015",,,"0,172","0,014",,,,,,,,,,,,,,,,,,,,,
Bảng 2.2: Định mức chi phí lập báo cáo nghiên cứu tiền khả thi,1,Công trình dân dụng,,"0,503","0,376","0,240","0,161","0,100","0,086","0,073","0,050","0,040","0,026","0,022","0,668",,,,,,,,,,,,,,,,,,,,,,
Bảng 2.2: Định mức chi phí lập báo cáo nghiên cứu tiền khả thi,2,Công trình công nghiệp,,"0,612","0,441","0,294","0,206","0,163","0,141","0,110","0,074","0,057","0,034","0,027","0,757",,,,,,,,,,,,,,,,,,,,,,
Bảng 2.2: Định mức chi phí lập báo cáo nghiên cứu tiền khả thi,3,Công trình giao thông,,"0,345","0,251","0,177","0,108","0,071","0,062","0,053","0,036","0,029","0,019","0,016","0,413",,,,,,,,,,,,,,,,,,,,,,
Bảng 2.2: Định mức chi phí lập báo cáo nghiên cứu tiền khả thi,4,Công trình phục vụ nông nghiệp và MT,,"0,472","0,343","0,216","0,144","0,096","0,082","0,070","0,048","0,039","0,025","0,021","0,566",,,,,,,,,,,,,,,,,,,,,,
Bảng 2.2: Định mức chi phí lập báo cáo nghiên cứu tiền khả thi,5,Công trình hạ tầng kỹ thuật,,"0,360","0,262","0,183","0,112","0,074","0,065","0,055","0,038","0,030","0,020","0,017","0,431",,,,,,,,,,,,,,,,,,,,,,
Bảng 2.3: Định mức chi phí lập báo cáo nghiên cứu khả thi,1,Công trình dân dụng,,"0,914","0,751","0,534","0,402","0,287","0,246","0,209","0,167","0,134","0,102","0,086","1,114",,,,,,,,,,,,,,,,,,,,,,
Bảng 2.3: Định mức chi phí lập báo cáo nghiên cứu khả thi,2,Công trình công nghiệp,,"1,112","0,882","0,654","0,515","0,466","0,404","0,315","0,248","0,189","0,135","0,107","1,261",,,,,,,,,,,,,,,,,,,,,,
Bảng 2.3: Định mức chi phí lập báo cáo nghiên cứu khả thi,3,Công trình giao thông,,"0,628","0,501","0,393","0,271","0,203","0,177","0,151","0,120","0,097","0,075","0,063","0,689",,,,,,,,,,,,,,,,,,,,,,
Bảng 2.3: Định mức chi phí lập báo cáo nghiên cứu khả thi,4,Công trình phục vụ nông nghiệp và MT,,"0,858","0,685","0,480","0,361","0,273","0,234","0,201","0,161","0,129","0,100","0,084","0,943",,,,,,,,,,,,,,,,,,,,,,
Bảng 2.3: Định mức chi phí lập báo cáo nghiên cứu khả thi,5,Công trình hạ tầng kỹ thuật,,"0,654","0,524","0,407","0,280","0,211","0,185","0,158","0,127","0,101","0,078","0,065","0,719",,,,,,,,,,,,,,,,,,,,,,
Bảng 2.4: Định mức chi phí lập báo cáo kinh tế - kỹ thuật,1,Công trình dân dụng,,"2,9",,,,,,,,,,,,,"6,5","4,7","4,2","3,6","2,4",,,,,,,,,,,,,,,,
Bảng 2.4: Định mức chi phí lập báo cáo kinh tế - kỹ thuật,2,Công trình công nghiệp,,"3,2",,,,,,,,,,,,,"6,7","4,8","4,3","3,8","2,5",,,,,,,,,,,,,,,,
Bảng 2.4: Định mức chi phí lập báo cáo kinh tế - kỹ thuật,3,Công trình giao thông,,"2,7",,,,,,,,,,,,,"5,4","3,6","3,0","2,9","2,1",,,,,,,,,,,,,,,,
Bảng 2.4: Định mức chi phí lập báo cáo kinh tế - kỹ thuật,4,Công trình phục vụ nông nghiệp và MT,,"3,1",,,,,,,,,,,,,"6,2","4,4","3,9","3,6","2,4",,,,,,,,,,,,,,,,
Bảng 2.4: Định mức chi phí lập báo cáo kinh tế - kỹ thuật,5,Công trình hạ tầng kỹ thuật,,"2,8",,,,,,,,,,,,,"5,8","4,2","3,4","3,0","2,2",,,,,,,,,,,,,,,,
Bảng 2.5: Định mức chi phí lập Báo cáo kinh tế - kỹ thuật,1,Công trình dân dụng,,"2,70","1,98","1,80","1,65",,,,,,,,,,"5,31","3,96",,,,"3,87","3,41","1,73","1,62",,,,,,,,,,,,
Bảng 2.5: Định mức chi phí lập Báo cáo kinh tế - kỹ thuật,2,Công trình công nghiệp,,"3,00","2,03","1,85","1,70",,,,,,,,,,"5,49","4,07",,,,"3,96","3,48","1,77","1,67",,,,,,,,,,,,
Bảng 2.5: Định mức chi phí lập Báo cáo kinh tế - kỹ thuật,3,Công trình giao thông,,"2,49","1,64","1,49","1,31",,,,,,,,,,"4,23","2,88",,,,"2,85","2,58","1,43","1,29",,,,,,,,,,,,
Bảng 2.5: Định mức chi phí lập Báo cáo kinh tế - kỹ thuật,4,Công trình phục vụ nông nghiệp và MT,,"2,75","1,85","1,65","1,49",,,,,,,,,,"4,95","3,60",,,,"3,53","3,12","1,56","1,44",,,,,,,,,,,,
Bảng 2.5: Định mức chi phí lập Báo cáo kinh tế - kỹ thuật,5,Công trình hạ tầng kỹ thuật,,"2,55","1,73","1,56","1,40",,,,,,,,,,"4,37","3,17",,,,"3,09","2,72","1,47","1,37",,,,,,,,,,,,
Bảng 2.6: Định mức chi phí lập Báo cáo kinh tế - kỹ thuật,1,Công trình giao thông,,"1,66","1,09","0,99","0,87",,,,,,,,,,"2,82","1,92",,,,"1,90","1,72","0,95","0,86",,,,,,,,,,,,
Bảng 2.7: Định mức chi phí thiết kế kỹ thuật của công trình dân dụng có yêu cầu thiết kế kỹ thuật và thiết kế bản vẽ thi công,,,"4,037","3,485","2,987","2,266","1,899","1,459","0,978","0,851","0,761",,,,,,,,,,,,,,,Cấp đặc biệt,"0,650","0,587",,,,,,,,,
Bảng 2.7: Định mức chi phí thiết kế kỹ thuật của công trình dân dụng có yêu cầu thiết kế kỹ thuật và thiết kế bản vẽ thi công,,,"3,510","3,030","2,597","1,970","1,651","1,269","0,850","0,740","0,662",,,,,,,,,,,,,,,Cấp I,"0,565","0,510",,,,,,,,,
Bảng 2.7: Định mức chi phí thiết kế kỹ thuật của công trình dân dụng có yêu cầu thiết kế kỹ thuật và thiết kế bản vẽ thi công,,,"2,984","2,576","2,207","1,675","1,403","1,079","0,723","0,629","0,563",,,,,,,,,,,,,,,Cấp II,"0,480","0,434",,,,,,,,,
Bảng 2.7: Định mức chi phí thiết kế kỹ thuật của công trình dân dụng có yêu cầu thiết kế kỹ thuật và thiết kế bản vẽ thi công,,,"2,457","2,121","1,818","1,379","1,156","0,888","0,595","0,518","0,463",,,,,,,,,,,,,,,Cấp III,"0,396","0,357",,,,,,,,,
Bảng 2.7: Định mức chi phí thiết kế kỹ thuật của công trình dân dụng có yêu cầu thiết kế kỹ thuật và thiết kế bản vẽ thi công,,,"1,930","1,667","1,428","1,084","0,908","0,698","0,468","0,407","0,364",,,,,,,,,,,,,,,Cấp IV,"0,311","0,281",,,,,,,,,
Bảng 2.8: Định mức chi phí thiết kế bản vẽ thi công của công trình dân dụng không yêu cầu thiết kế kỹ thuật,,,"4,934","4,260","3,651","2,770","2,321","1,784","1,196","1,040","0,930",,,,,,,,,,,,,,,Cấp đặc biệt,"0,795","0,717",,,,,,,,,
Bảng 2.8: Định mức chi phí thiết kế bản vẽ thi công của công trình dân dụng không yêu cầu thiết kế kỹ thuật,,,"4,290","3,704","3,175","2,408","2,018","1,551","1,040","0,905","0,809",,,,,,,,,,,,,,,Cấp I,"0,691","0,624",,,,,,,,,
Bảng 2.8: Định mức chi phí thiết kế bản vẽ thi công của công trình dân dụng không yêu cầu thiết kế kỹ thuật,,,"3,647","3,148","2,698","2,047","1,716","1,318","0,884","0,769","0,688",,,,,,,,,,,,,,,Cấp II,"0,587","0,530",,,,,,,,,
Bảng 2.8: Định mức chi phí thiết kế bản vẽ thi công của công trình dân dụng không yêu cầu thiết kế kỹ thuật,,,"3,003","2,593","2,222","1,686","1,413","1,085","0,727","0,633","0,566",,,,,,,,,,,,,,,Cấp III,"0,484","0,436",,,,,,,,,
Bảng 2.8: Định mức chi phí thiết kế bản vẽ thi công của công trình dân dụng không yêu cầu thiết kế kỹ thuật,,,"2,360","2,037","1,746","1,324","1,110","0,853","0,572","0,498","0,445",,,,,,,,,,,,,,,Cấp IV,"0,380","0,343",,,,,,,,,
Bảng DD1: Định mức chi phí thiết kế nội thất công trình dân dụng,,,,"4,30","3,60","3,00","2,50",,,,,,,,,,,,,,,,"5,20",,,,,,Thiết kế nội thất công trình dân dụng,"6,50","2,00",,,,,,
Bảng 2.9: Định mức chi phí thiết kế kỹ thuật của công trình công nghiệp có yêu cầu thiết kế kỹ thuật và thiết kế bản vẽ thi công,,,"4,210","3,764","3,071","2,489","1,925","1,561","0,988","0,859","0,768",,,,,,,,,,,,,,,Cấp đặc biệt,"0,660","0,592",,,,,,,,,
Bảng 2.9: Định mức chi phí thiết kế kỹ thuật của công trình công nghiệp có yêu cầu thiết kế kỹ thuật và thiết kế bản vẽ thi công,,,"3,661","3,273","2,670","2,164","1,674","1,357","0,859","0,747","0,668",,,,,,,,,,,,,,,Cấp I,"0,574","0,515",,,,,,,,,
Bảng 2.9: Định mức chi phí thiết kế kỹ thuật của công trình công nghiệp có yêu cầu thiết kế kỹ thuật và thiết kế bản vẽ thi công,,,"3,112","2,782","2,270","1,840","1,423","1,154","0,730","0,635","0,568",,,,,,,,,,,,,,,Cấp II,"0,488","0,437",,,,,,,,,
Bảng 2.9: Định mức chi phí thiết kế kỹ thuật của công trình công nghiệp có yêu cầu thiết kế kỹ thuật và thiết kế bản vẽ thi công,,,"2,563","2,291","1,869","1,515","1,172","0,950","0,601","0,523","0,467",,,,,,,,,,,,,,,Cấp III,"0,402","0,360",,,,,,,,,
Bảng 2.9: Định mức chi phí thiết kế kỹ thuật của công trình công nghiệp có yêu cầu thiết kế kỹ thuật và thiết kế bản vẽ thi công,,,"2,014","1,800","1,469","1,190","0,921","0,747","0,472","0,411","0,367",,,,,,,,,,,,,,,Cấp IV,"0,316","0,283",,,,,,,,,
Bảng 2.10: Định mức chi phí thiết kế bản vẽ thi công của công trình công nghiệp không yêu cầu thiết kế kỹ thuật,,,"5,145","4,601","3,753","3,042","2,353","1,908","1,207","1,050","0,939",,,,,,,,,,,,,,,Cấp đặc biệt,"0,807","0,723",,,,,,,,,
Bảng 2.10: Định mức chi phí thiết kế bản vẽ thi công của công trình công nghiệp không yêu cầu thiết kế kỹ thuật,,,"4,474","4,001","3,264","2,646","2,046","1,659","1,050","0,913","0,816",,,,,,,,,,,,,,,Cấp I,"0,702","0,629",,,,,,,,,
Bảng 2.10: Định mức chi phí thiết kế bản vẽ thi công của công trình công nghiệp không yêu cầu thiết kế kỹ thuật,,,"3,803","3,401","2,774","2,249","1,739","1,410","0,892","0,776","0,694",,,,,,,,,,,,,,,Cấp II,"0,596","0,535",,,,,,,,,
Bảng 2.10: Định mức chi phí thiết kế bản vẽ thi công của công trình công nghiệp không yêu cầu thiết kế kỹ thuật,,,"3,132","2,801","2,285","1,852","1,432","1,161","0,735","0,639","0,571",,,,,,,,,,,,,,,Cấp III,"0,491","0,440",,,,,,,,,
Bảng 2.10: Định mức chi phí thiết kế bản vẽ thi công của công trình công nghiệp không yêu cầu thiết kế kỹ thuật,,,"2,461","2,200","1,795","1,455","1,125","0,913","0,577","0,502","0,449",,,,,,,,,,,,,,,Cấp IV,"0,386","0,346",,,,,,,,,
Bảng CN1: Định mức chi phí thiết kế đường dây tải điện,,,,"1,30","1,10","0,95","0,80","0,70",,,,,,,,,,,,,,,"1,40",,,,,,,"1,70",,Cáp ngầm điện áp < 6KV,"0,60",,,,
Bảng CN1: Định mức chi phí thiết kế đường dây tải điện,,,,"1,60","1,40","1,20","1,00","0,85",,,,,,,,,,,,,,,"1,80",,,,,,,"2,20",,Đường dây điện áp 6KV - 35KV,"0,75",,,,
Bảng CN1: Định mức chi phí thiết kế đường dây tải điện,,,,"2,00","1,70","1,40","1,20","1,00",,,,,,,,,,,,,,,"2,30",,,,,,,"2,80",,Đường dây điện áp 110KV - 220KV,"0,85",,,,
Bảng CN1: Định mức chi phí thiết kế đường dây tải điện,,,,"2,50","2,10","1,75","1,50","1,25",,,,,,,,,,,,,,,"2,90",,,,,,,"3,50",,Đường dây điện áp 500KV,"1,05",,,,
Bảng CN2: Định mức chi phí thiết kế trạm biến áp,,,,"1,80","1,50","1,25","1,05","0,90",,,,,,,,,,,,,,,"2,10",,,,,,,"2,50",,Trạm biến áp điện áp ≤ 35KV,"0,75",,,,
Bảng CN2: Định mức chi phí thiết kế trạm biến áp,,,,"2,30","1,90","1,60","1,35","1,15",,,,,,,,,,,,,,,"2,70",,,,,,,"3,20",,Trạm biến áp điện áp 110KV - 220KV,"0,95",,,,
Bảng CN2: Định mức chi phí thiết kế trạm biến áp,,,,"2,90","2,40","2,00","1,70","1,45",,,,,,,,,,,,,,,"3,40",,,,,,,"4,00",,Trạm biến áp điện áp 500KV,"1,20",,,,
Bảng 2.11: Định mức chi phí thiết kế kỹ thuật của công trình giao thông có yêu cầu thiết kế kỹ thuật và thiết kế bản vẽ thi công,,,"3,844","3,240","2,827","2,057","1,526","1,204","0,877","0,763","0,660",,,,,,,,,,,,,,,Cấp đặc biệt,"0,576","0,526",,,,,,,,,
Bảng 2.11: Định mức chi phí thiết kế kỹ thuật của công trình giao thông có yêu cầu thiết kế kỹ thuật và thiết kế bản vẽ thi công,,,"3,342","2,817","2,458","1,789","1,327","1,047","0,763","0,664","0,574",,,,,,,,,,,,,,,Cấp I,"0,501","0,457",,,,,,,,,
Bảng 2.11: Định mức chi phí thiết kế kỹ thuật của công trình giao thông có yêu cầu thiết kế kỹ thuật và thiết kế bản vẽ thi công,,,"2,841","2,395","2,090","1,520","1,128","0,890","0,648","0,564","0,488",,,,,,,,,,,,,,,Cấp II,"0,426","0,389",,,,,,,,,
Bảng 2.11: Định mức chi phí thiết kế kỹ thuật của công trình giao thông có yêu cầu thiết kế kỹ thuật và thiết kế bản vẽ thi công,,,"2,340","1,972","1,721","1,252","0,929","0,733","0,534","0,465","0,402",,,,,,,,,,,,,,,Cấp III,"0,351","0,320",,,,,,,,,
Bảng 2.11: Định mức chi phí thiết kế kỹ thuật của công trình giao thông có yêu cầu thiết kế kỹ thuật và thiết kế bản vẽ thi công,,,"1,838","1,550","1,352","0,984","0,730","0,576","0,420","0,365","0,316",,,,,,,,,,,,,,,Cấp IV,"0,276","0,252",,,,,,,,,
Bảng 2.12: Định mức chi phí thiết kế bản vẽ thi công của công trình giao thông không yêu cầu thiết kế kỹ thuật,,,"4,698","3,960","3,455","2,514","1,866","1,471","1,072","0,933","0,807",,,,,,,,,,,,,,,Cấp đặc biệt,"0,704","0,642",,,,,,,,,
Bảng 2.12: Định mức chi phí thiết kế bản vẽ thi công của công trình giao thông không yêu cầu thiết kế kỹ thuật,,,"4,085","3,443","3,004","2,186","1,622","1,279","0,932","0,811","0,702",,,,,,,,,,,,,,,Cấp I,"0,612","0,559",,,,,,,,,
Bảng 2.12: Định mức chi phí thiết kế bản vẽ thi công của công trình giao thông không yêu cầu thiết kế kỹ thuật,,,"3,472","2,927","2,554","1,858","1,379","1,087","0,792","0,690","0,596",,,,,,,,,,,,,,,Cấp II,"0,520","0,475",,,,,,,,,
Bảng 2.12: Định mức chi phí thiết kế bản vẽ thi công của công trình giao thông không yêu cầu thiết kế kỹ thuật,,,"2,860","2,411","2,103","1,530","1,136","0,895","0,653","0,568","0,491",,,,,,,,,,,,,,,Cấp III,"0,429","0,391",,,,,,,,,
Bảng 2.12: Định mức chi phí thiết kế bản vẽ thi công của công trình giao thông không yêu cầu thiết kế kỹ thuật,,,"2,247","1,894","1,653","1,202","0,892","0,704","0,513","0,446","0,386",,,,,,,,,,,,,,,Cấp IV,"0,337","0,307",,,,,,,,,
Bảng 2.13: Định mức chi phí thiết kế kỹ thuật của công trình phục vụ nông nghiệp và môi trường có yêu cầu thiết kế kỹ thuật và thiết kế bản vẽ thi công,,,"3,118","2,750","2,490","1,854","1,427","1,140","0,757","0,660","0,588",,,,,,,,,,,,,,,Cấp đặc biệt,"0,504","0,454",,,,,,,,,
Bảng 2.13: Định mức chi phí thiết kế kỹ thuật của công trình phục vụ nông nghiệp và môi trường có yêu cầu thiết kế kỹ thuật và thiết kế bản vẽ thi công,,,"2,711","2,392","2,165","1,612","1,241","0,991","0,658","0,574","0,511",,,,,,,,,,,,,,,Cấp I,"0,438","0,394",,,,,,,,,
Bảng 2.13: Định mức chi phí thiết kế kỹ thuật của công trình phục vụ nông nghiệp và môi trường có yêu cầu thiết kế kỹ thuật và thiết kế bản vẽ thi công,,,"2,304","2,033","1,840","1,370","1,055","0,843","0,560","0,488","0,435",,,,,,,,,,,,,,,Cấp II,"0,373","0,335",,,,,,,,,
Bảng 2.13: Định mức chi phí thiết kế kỹ thuật của công trình phục vụ nông nghiệp và môi trường có yêu cầu thiết kế kỹ thuật và thiết kế bản vẽ thi công,,,"1,898","1,674","1,516","1,129","0,869","0,694","0,461","0,402","0,358",,,,,,,,,,,,,,,Cấp III,"0,307","0,276",,,,,,,,,
Bảng 2.13: Định mức chi phí thiết kế kỹ thuật của công trình phục vụ nông nghiệp và môi trường có yêu cầu thiết kế kỹ thuật và thiết kế bản vẽ thi công,,,"1,491","1,315","1,191","0,887","0,683","0,545","0,362","0,316","0,281",,,,,,,,,,,,,,,Cấp IV,"0,241","0,217",,,,,,,,,
Bảng 2.14: Định mức chi phí thiết kế bản vẽ thi công của công trình phục vụ nông nghiệp và môi trường không yêu cầu thiết kế kỹ thuật,,,"3,812","3,362","3,043","2,266","1,744","1,393","0,925","0,807","0,719",,,,,,,,,,,,,,,Cấp đặc biệt,"0,616","0,555",,,,,,,,,
Bảng 2.14: Định mức chi phí thiết kế bản vẽ thi công của công trình phục vụ nông nghiệp và môi trường không yêu cầu thiết kế kỹ thuật,,,"3,314","2,924","2,646","1,970","1,517","1,211","0,805","0,701","0,625",,,,,,,,,,,,,,,Cấp I,"0,536","0,482",,,,,,,,,
Bảng 2.14: Định mức chi phí thiết kế bản vẽ thi công của công trình phục vụ nông nghiệp và môi trường không yêu cầu thiết kế kỹ thuật,,,"2,817","2,485","2,249","1,675","1,289","1,030","0,684","0,596","0,531",,,,,,,,,,,,,,,Cấp II,"0,455","0,410",,,,,,,,,
Bảng 2.14: Định mức chi phí thiết kế bản vẽ thi công của công trình phục vụ nông nghiệp và môi trường không yêu cầu thiết kế kỹ thuật,,,"2,320","2,046","1,852","1,379","1,062","0,848","0,563","0,491","0,438",,,,,,,,,,,,,,,Cấp III,"0,375","0,337",,,,,,,,,
Bảng 2.14: Định mức chi phí thiết kế bản vẽ thi công của công trình phục vụ nông nghiệp và môi trường không yêu cầu thiết kế kỹ thuật,,,"1,823","1,608","1,455","1,084","0,834","0,666","0,443","0,386","0,344",,,,,,,,,,,,,,,Cấp IV,"0,295","0,265",,,,,,,,,
"Bảng TL1: Định mức chi phí thiết kế công trình thủy lợi, trạm bơm tưới tiêu",,,,"0,65","0,55","0,45","0,38","0,32",,,,,,,,,,,,,,,"0,75",,,Cấp đặc biệt và cấp I,,,,"0,89",,,"0,26",,,,
"Bảng TL1: Định mức chi phí thiết kế công trình thủy lợi, trạm bơm tưới tiêu",,,,"0,54","0,46","0,38","0,32","0,27",,,,,,,,,,,,,,,"0,62",,,"Cấp II, cấp III và cấp IV",,,,"0,74",,,"0,22",,,,
Bảng 2.15: Định mức chi phí thiết kế kỹ thuật của công trình hạ tầng kỹ thuật có yêu cầu thiết kế kỹ thuật và thiết kế bản vẽ thi công,,,"3,079","2,707","2,381","1,753","1,370","1,094","0,701","0,611","0,542",,,,,,,,,,,,,,,Cấp đặc biệt,"0,468","0,420",,,,,,,,,
Bảng 2.15: Định mức chi phí thiết kế kỹ thuật của công trình hạ tầng kỹ thuật có yêu cầu thiết kế kỹ thuật và thiết kế bản vẽ thi công,,,"2,678","2,354","2,070","1,525","1,191","0,951","0,610","0,531","0,472",,,,,,,,,,,,,,,Cấp I,"0,407","0,365",,,,,,,,,
Bảng 2.15: Định mức chi phí thiết kế kỹ thuật của công trình hạ tầng kỹ thuật có yêu cầu thiết kế kỹ thuật và thiết kế bản vẽ thi công,,,"2,276","2,001","1,760","1,296","1,012","0,808","0,518","0,451","0,401",,,,,,,,,,,,,,,Cấp II,"0,346","0,311",,,,,,,,,
Bảng 2.15: Định mức chi phí thiết kế kỹ thuật của công trình hạ tầng kỹ thuật có yêu cầu thiết kế kỹ thuật và thiết kế bản vẽ thi công,,,"1,874","1,648","1,449","1,067","0,834","0,666","0,427","0,372","0,330",,,,,,,,,,,,,,,Cấp III,"0,285","0,256",,,,,,,,,
Bảng 2.15: Định mức chi phí thiết kế kỹ thuật của công trình hạ tầng kỹ thuật có yêu cầu thiết kế kỹ thuật và thiết kế bản vẽ thi công,,,"1,473","1,295","1,139","0,838","0,655","0,523","0,335","0,292","0,260",,,,,,,,,,,,,,,Cấp IV,"0,224","0,201",,,,,,,,,
Bảng 2.16: Định mức chi phí thiết kế bản vẽ thi công của công trình hạ tầng kỹ thuật không yêu cầu thiết kế kỹ thuật,,,"3,764","3,309","2,910","2,143","1,674","1,337","0,857","0,747","0,663",,,,,,,,,,,,,,,Cấp đặc biệt,"0,572","0,513",,,,,,,,,
Bảng 2.16: Định mức chi phí thiết kế bản vẽ thi công của công trình hạ tầng kỹ thuật không yêu cầu thiết kế kỹ thuật,,,"3,273","2,877","2,530","1,863","1,456","1,162","0,745","0,649","0,577",,,,,,,,,,,,,,,Cấp I,"0,497","0,446",,,,,,,,,
Bảng 2.16: Định mức chi phí thiết kế bản vẽ thi công của công trình hạ tầng kỹ thuật không yêu cầu thiết kế kỹ thuật,,,"2,782","2,446","2,151","1,584","1,237","0,988","0,633","0,552","0,490",,,,,,,,,,,,,,,Cấp II,"0,423","0,380",,,,,,,,,
Bảng 2.16: Định mức chi phí thiết kế bản vẽ thi công của công trình hạ tầng kỹ thuật không yêu cầu thiết kế kỹ thuật,,,"2,291","2,014","1,771","1,304","1,019","0,814","0,522","0,455","0,404",,,,,,,,,,,,,,,Cấp III,"0,348","0,313",,,,,,,,,
Bảng 2.16: Định mức chi phí thiết kế bản vẽ thi công của công trình hạ tầng kỹ thuật không yêu cầu thiết kế kỹ thuật,,,"1,800","1,583","1,392","1,025","0,801","0,639","0,410","0,357","0,317",,,,,,,,,,,,,,,Cấp IV,"0,274","0,246",,,,,,,,,
Bảng HTKT1: Định mức chi phí thiết kế công trình Thông tin - Truyền thông,,,,,"0,95","0,80","0,70",,,,,,,,,,,,,"1,30",,,"1,40",,,,,,"Công trình truyền dẫn cáp treo, cáp chôn trực tiếp","1,83","0,60",,,"1,10",,,
Bảng HTKT1: Định mức chi phí thiết kế công trình Thông tin - Truyền thông,,,,,"1,10","1,00","0,90",,,,,,,,,,,,,"1,40",,,"1,50",,,,,,Công trình tuyến cáp chôn qua sông,"1,90","0,70",,,"1,30",,,
Bảng HTKT1: Định mức chi phí thiết kế công trình Thông tin - Truyền thông,,,,,"1,15","1,05","0,95",,,,,,,,,,,,,"1,50",,,"1,60",,,,,,"Công trình hào kỹ thuật, cống cáp ngầm","2,10","0,80",,,"1,35",,,
Bảng HTKT2: Định mức chi phí thiết kế công trình máy thông tin,,,,,"0,45","0,35","0,25",,,,,,,,,,,,,"0,60",,,"0,75",,,,,,"Các loại tổng đài host, vệ tinh, độc lập","1,00","0,15",,,"0,50",,,
Bảng HTKT2: Định mức chi phí thiết kế công trình máy thông tin,,,,,"0,40","0,30","0,20",,,,,,,,,,,,,"0,55",,,"0,70",,,,,,"Các loại tổng đài MSC, BSC, truy nhập thuê bao, nhắn tin","0,90","0,10",,,"0,45",,,
Bảng HTKT2: Định mức chi phí thiết kế công trình máy thông tin,,,,,"0,40","0,30","0,20",,,,,,,,,,,,,"0,60",,,"0,80",,,,,,Hệ thống thiết bị truyền dẫn quang,"1,35","0,10",,,"0,50",,,
Bảng HTKT2: Định mức chi phí thiết kế công trình máy thông tin,,,,,"0,60","0,45","0,30",,,,,,,,,,,,,"1,30",,,"1,40",,,,,,Hệ thống truyền dẫn vi ba,"1,70","0,15",,,"0,80",,,
Bảng HTKT2: Định mức chi phí thiết kế công trình máy thông tin,,,,,"0,65","0,50","0,35",,,,,,,,,,,,,"1,40",,,"1,75",,,,,,Mạng viễn thông nông thôn,"2,80","0,20",,,"0,90",,,
Bảng HTKT2: Định mức chi phí thiết kế công trình máy thông tin,,,,,"0,40","0,30","0,20",,,,,,,,,,,,,"0,60",,,"0,75",,,,,,"Mạng Internet, voip, thiết bị mạng NGN","1,00","0,10",,,"0,50",,,
Bảng HTKT2: Định mức chi phí thiết kế công trình máy thông tin,,,,,"0,55","0,35","0,25",,,,,,,,,,,,,"0,85",,,"1,05",,,,,,Hệ thống tiếp đất chống sét (cả thiết bị),"2,15","0,20",,,"0,65",,,
Bảng HTKT2: Định mức chi phí thiết kế công trình máy thông tin,,,,,"0,70","0,50","0,35",,,,,,,,,,,,,"1,10",,,"1,30",,,,,,Trạm thông tin vệ tinh Vsat,"1,80","0,20",,,"0,90",,,
Bảng HTKT2: Định mức chi phí thiết kế công trình máy thông tin,,,,,"0,30","0,25","0,20",,,,,,,,,,,,,"0,50",,,"0,70",,,,,,"Thiết bị trạm BTS, CS, điện thoại thẻ","1,25","0,10",,,"0,35",,,
Bảng 2.17: Định mức chi phí thẩm tra báo cáo nghiên cứu tiền khả thi,1,Công trình dân dụng,"0,140","0,119","0,094","0,067","0,049","0,035","0,028","0,022","0,016","0,012","0,009","0,007",,,,,,,,,,,,,,,,,,,,,,,
Bảng 2.17: Định mức chi phí thẩm tra báo cáo nghiên cứu tiền khả thi,2,Công trình công nghiệp,"0,158","0,135","0,105","0,076","0,056","0,042","0,033","0,026","0,019","0,015","0,011","0,009",,,,,,,,,,,,,,,,,,,,,,,
Bảng 2.17: Định mức chi phí thẩm tra báo cáo nghiên cứu tiền khả thi,3,Công trình giao thông,"0,088","0,076","0,060","0,043","0,031","0,023","0,018","0,014","0,011","0,008","0,006","0,005",,,,,,,,,,,,,,,,,,,,,,,
Bảng 2.17: Định mức chi phí thẩm tra báo cáo nghiên cứu tiền khả thi,4,Công trình phục vụ nông nghiệp và MT,"0,119","0,102","0,081","0,057","0,042","0,030","0,024","0,019","0,014","0,011","0,008","0,006",,,,,,,,,,,,,,,,,,,,,,,
Bảng 2.17: Định mức chi phí thẩm tra báo cáo nghiên cứu tiền khả thi,5,Công trình hạ tầng kỹ thuật,"0,095","0,081","0,064","0,045","0,033","0,024","0,019","0,015","0,011","0,009","0,007","0,005",,,,,,,,,,,,,,,,,,,,,,,
Bảng 2.18: Định mức chi phí thẩm tra báo cáo nghiên cứu khả thi,1,Công trình dân dụng,"0,211","0,188","0,156","0,117","0,094","0,071","0,057","0,047","0,036","0,028","0,020","0,016",,,,,,,,,,,,,,,,,,,,,,,
Bảng 2.18: Định mức chi phí thẩm tra báo cáo nghiên cứu khả thi,2,Công trình công nghiệp,"0,237","0,211","0,175","0,132","0,106","0,083","0,067","0,055","0,043","0,034","0,025","0,020",,,,,,,,,,,,,,,,,,,,,,,
Bảng 2.18: Định mức chi phí thẩm tra báo cáo nghiên cứu khả thi,3,Công trình giao thông,"0,132","0,118","0,098","0,074","0,059","0,044","0,036","0,029","0,023","0,018","0,013","0,010",,,,,,,,,,,,,,,,,,,,,,,
Bảng 2.18: Định mức chi phí thẩm tra báo cáo nghiên cứu khả thi,4,Công trình phục vụ nông nghiệp và MT,"0,179","0,159","0,132","0,100","0,079","0,060","0,048","0,040","0,031","0,024","0,017","0,014",,,,,,,,,,,,,,,,,,,,,,,
Bảng 2.18: Định mức chi phí thẩm tra báo cáo nghiên cứu khả thi,5,Công trình hạ tầng kỹ thuật,"0,143","0,127","0,105","0,080","0,063","0,047","0,038","0,031","0,024","0,019","0,014","0,011",,,,,,,,,,,,,,,,,,,,,,,
Bảng 2.19: Định mức chi phí thẩm tra thiết kế xây dựng,1,Công trình dân dụng,"0,422","0,369","0,281","0,237","0,177","0,130","0,108","0,072","0,054",,,,,,,,,,,,,,,,"0,046","0,042",,,,,,,,,
Bảng 2.19: Định mức chi phí thẩm tra thiết kế xây dựng,2,Công trình công nghiệp,"0,475","0,412","0,313","0,238","0,183","0,140","0,105","0,085","0,058",,,,,,,,,,,,,,,,"0,051","0,046",,,,,,,,,
Bảng 2.19: Định mức chi phí thẩm tra thiết kế xây dựng,3,Công trình giao thông,"0,281","0,240","0,179","0,139","0,117","0,088","0,069","0,057","0,035",,,,,,,,,,,,,,,,"0,030","0,027",,,,,,,,,
Bảng 2.19: Định mức chi phí thẩm tra thiết kế xây dựng,4,Công trình phục vụ nông nghiệp và MT,"0,310","0,267","0,201","0,156","0,119","0,090","0,068","0,057","0,041",,,,,,,,,,,,,,,,"0,035","0,030",,,,,,,,,
Bảng 2.19: Định mức chi phí thẩm tra thiết kế xây dựng,5,Công trình hạ tầng kỹ thuật,"0,323","0,281","0,217","0,161","0,122","0,095","0,075","0,063","0,044",,,,,,,,,,,,,,,,"0,037","0,034",,,,,,,,,
Bảng 2.20: Định mức chi phí thẩm tra dự toán xây dựng,1,Công trình dân dụng,"0,250","0,219","0,166","0,140","0,105","0,077","0,064","0,043","0,032",,,,,,,,,,,,,,,,"0,027","0,025",,,,,,,,,
Bảng 2.20: Định mức chi phí thẩm tra dự toán xây dựng,2,Công trình công nghiệp,"0,282","0,244","0,185","0,141","0,108","0,083","0,062","0,050","0,034",,,,,,,,,,,,,,,,"0,030","0,027",,,,,,,,,
Bảng 2.20: Định mức chi phí thẩm tra dự toán xây dựng,3,Công trình giao thông,"0,166","0,142","0,106","0,082","0,069","0,052","0,041","0,034","0,021",,,,,,,,,,,,,,,,"0,018","0,016",,,,,,,,,
Bảng 2.20: Định mức chi phí thẩm tra dự toán xây dựng,4,Công trình phục vụ nông nghiệp và MT,"0,183","0,158","0,119","0,092","0,070","0,053","0,040","0,034","0,024",,,,,,,,,,,,,,,,"0,021","0,018",,,,,,,,,
Bảng 2.20: Định mức chi phí thẩm tra dự toán xây dựng,5,Công trình hạ tầng kỹ thuật,"0,191","0,166","0,128","0,095","0,072","0,056","0,044","0,037","0,026",,,,,,,,,,,,,,,,"0,022","0,020",,,,,,,,,
"Bảng 2.21: Định mức chi phí lập hồ sơ mời thầu, đánh giá hồ sơ dự thầu tư vấn",,,,"0,311","0,176","0,114",,,,,,,,,,,"0,816","0,583",,,,"0,505","0,389",,,,,,,,,,,,**Tỷ lệ %**,,
"Bảng 2.22: Định mức chi phí lập hồ sơ mời thầu, đánh giá hồ sơ dự thầu thi công xây dựng",1,Công trình dân dụng,"0,432","0,346","0,195","0,127","0,078","0,057","0,040","0,032",,,,,,,,,,,,,,,,,,,,,,,,,,,
"Bảng 2.22: Định mức chi phí lập hồ sơ mời thầu, đánh giá hồ sơ dự thầu thi công xây dựng",2,Công trình công nghiệp,"0,549","0,379","0,211","0,144","0,096","0,067","0,052","0,041",,,,,,,,,,,,,,,,,,,,,,,,,,,
"Bảng 2.22: Định mức chi phí lập hồ sơ mời thầu, đánh giá hồ sơ dự thầu thi công xây dựng",3,Công trình giao thông,"0,346","0,237","0,151","0,090","0,057","0,043","0,029","0,023",,,,,,,,,,,,,,,,,,,,,,,,,,,
"Bảng 2.22: Định mức chi phí lập hồ sơ mời thầu, đánh giá hồ sơ dự thầu thi công xây dựng",4,Công trình phục vụ nông nghiệp và MT,"0,361","0,302","0,166","0,094","0,066","0,046","0,031","0,026",,,,,,,,,,,,,,,,,,,,,,,,,,,
"Bảng 2.22: Định mức chi phí lập hồ sơ mời thầu, đánh giá hồ sơ dự thầu thi công xây dựng",5,Công trình hạ tầng kỹ thuật,"0,388","0,325","0,172","0,106","0,069","0,052","0,038","0,028",,,,,,,,,,,,,,,,,,,,,,,,,,,
"Bảng 2.23: Định mức chi phí lập hồ sơ mời thầu, đánh giá hồ sơ dự thầu mua sắm vật tư, thiết bị",1,Công trình dân dụng,"0,367","0,346","0,181","0,113","0,102","0,081","0,055","0,043",,,,,,,,,,,,,,,,,,,,,,,,,,,
"Bảng 2.23: Định mức chi phí lập hồ sơ mời thầu, đánh giá hồ sơ dự thầu mua sắm vật tư, thiết bị",2,Công trình công nghiệp,"0,549","0,494","0,280","0,177","0,152","0,123","0,084","0,066",,,,,,,,,,,,,,,,,,,,,,,,,,,
"Bảng 2.23: Định mức chi phí lập hồ sơ mời thầu, đánh giá hồ sơ dự thầu mua sắm vật tư, thiết bị",3,Công trình giao thông,"0,261","0,230","0,131","0,084","0,074","0,056","0,040","0,032",,,,,,,,,,,,,,,,,,,,,,,,,,,
"Bảng 2.23: Định mức chi phí lập hồ sơ mời thầu, đánh giá hồ sơ dự thầu mua sắm vật tư, thiết bị",4,Công trình phục vụ nông nghiệp và MT,"0,281","0,245","0,140","0,090","0,078","0,061","0,050","0,037",,,,,,,,,,,,,,,,,,,,,,,,,,,
"Bảng 2.23: Định mức chi phí lập hồ sơ mời thầu, đánh giá hồ sơ dự thầu mua sắm vật tư, thiết bị",5,Công trình hạ tầng kỹ thuật,"0,302","0,260","0,156","0,102","0,087","0,069","0,054","0,041",,,,,,,,,,,,,,,,,,,,,,,,,,,
Bảng 2.24: Định mức chi phí giám sát thi công xây dựng,1,Công trình dân dụng,"3,285","2,853","2,435","1,845","1,546","1,188","0,797","0,694","0,620",,,,,,,,,,,,,,,,"0,530","0,478",,,,,,,,,
Bảng 2.24: Định mức chi phí giám sát thi công xây dựng,2,Công trình công nghiệp,"3,508","3,137","2,559","2,074","1,604","1,301","0,823","0,716","0,640",,,,,,,,,,,,,,,,"0,550","0,493",,,,,,,,,
Bảng 2.24: Định mức chi phí giám sát thi công xây dựng,3,Công trình giao thông,"3,203","2,700","2,356","1,714","1,272","1,003","0,731","0,636","0,550",,,,,,,,,,,,,,,,"0,480","0,438",,,,,,,,,
Bảng 2.24: Định mức chi phí giám sát thi công xây dựng,4,Công trình phục vụ nông nghiệp và MT,"2,598","2,292","2,075","1,545","1,189","0,950","0,631","0,550","0,490",,,,,,,,,,,,,,,,"0,420","0,378",,,,,,,,,
Bảng 2.24: Định mức chi phí giám sát thi công xây dựng,5,Công trình hạ tầng kỹ thuật,"2,566","2,256","1,984","1,461","1,142","0,912","0,584","0,509","0,452",,,,,,,,,,,,,,,,"0,390","0,350",,,,,,,,,
Bảng 2.25: Định mức chi phí giám sát lắp đặt thiết bị,1,Công trình dân dụng,"0,844","0,715","0,596","0,394","0,305","0,261","0,176","0,153","0,132",,,,,,,,,,,,,,,,"0,112","0,110",,,,,,,,,
Bảng 2.25: Định mức chi phí giám sát lắp đặt thiết bị,2,Công trình công nghiệp,"1,147","1,005","0,958","0,811","0,490","0,422","0,356","0,309","0,270",,,,,,,,,,,,,,,,"0,230","0,210",,,,,,,,,
Bảng 2.25: Định mức chi phí giám sát lắp đặt thiết bị,3,Công trình giao thông,"0,677","0,580","0,486","0,320","0,261","0,217","0,146","0,127","0,110",,,,,,,,,,,,,,,,"0,092","0,085",,,,,,,,,
Bảng 2.25: Định mức chi phí giám sát lắp đặt thiết bị,4,Công trình phục vụ nông nghiệp và MT,"0,718","0,585","0,520","0,344","0,276","0,232","0,159","0,138","0,120",,,,,,,,,,,,,,,,"0,098","0,091",,,,,,,,,
Bảng 2.25: Định mức chi phí giám sát lắp đặt thiết bị,5,Công trình hạ tầng kỹ thuật,"0,803","0,690","0,575","0,383","0,300","0,261","0,173","0,150","0,126",,,,,,,,,,,,,,,,"0,105","0,095",,,,,,,,,
Bảng 2.26: Định mức chi phí giám sát công tác khảo sát xây dựng,,,,"2,707",,,,,,,,,,,,,"4,072",,,,,"3,541","3,079",,,,,,,,,,,,,**Tỷ lệ %**,"2,381"
