"Góc dốc α0, °, cho θ = 0°, α90, °, cho θ = 90°",Các vùng khi góc hướng gió θ = 0° và θ = 90°
"Góc dốc α0, °, cho θ = 0°, α90, °, cho θ = 90°",F,G,H,I,J,K,L,M,N
5,"- 1,7","- 1,2","- 0,6","- 0,3","- 0,6","- 1,2","- 0,6","- 0,4"
5,"+ 0,0","- 0,3","- 0,6","- 1,2","- 0,6","- 0,4"
15,"- 0,9","- 0,8","- 0,3","- 0,5","- 1,0","- 1,2","- 1,4","- 0,6","- 0,3"
15,"+ 0,2","- 0,5","- 1,0","- 1,2","- 1,4","- 0,6","- 0,3"
30,"- 0,5","- 0,2","- 0,4","- 0,7","- 0,5","- 1,4","- 0,8","- 0,2"
30,"+ 0,5","+ 0,7","+ 0,4","- 0,4","- 0,7","- 0,5","- 1,4","- 0,8","- 0,2"
45,"- 0,0","- 0,3","- 0,6","- 0,3","- 1,3","- 0,8","- 0,2"
45,"+ 0,7","+ 0,6","- 0,3","- 0,6","- 0,3","- 1,3","- 0,8","- 0,2"
60,"+ 0,7","- 0,3","- 0,6","- 0,3","- 1,2","- 0,4","- 0,2"
75,"+ 0,8","- 0,3","- 0,6","-  0,3","- 1,2","- 0,4","- 0,2"
"CHÚ THÍCH 1: Khi θ = 0°, áp lực thay đổi nhanh giữa các giá trị âm và dương trên mặt đón gió khi góc dốc - 5° ≤ α ≤ + 45°, do đó cả hai giá trị âm và dương đều được nêu trong bảng này. Đối với mái này, cần xét hai trường hợp: một là với tất cả các giá trị dương và hai là với tất cả các giá trị âm. Không xét đồng thời cả hai giá trị âm và dương trên cùng một mặt. CHÚ THÍCH 2: Sử dụng nội suy tuyến tính cho các góc dốc nằm giữa các giá trị cùng dấu. Các giá trị bằng 0,0 dùng để nội suy tuyến tính. CHÚ THÍCH 3: Góc dốc của mặt đón gió luôn ảnh hưởng tới hệ số khí động áp lực."
