"Tỉnh, thành phố trực thuộc Trung ương",TP/Huyện/Thị xã (hoặc tương đương),Sông,Thời gian bắt đầu
Bắc Giang,Yên Thế,-,27/7/2001
Bắc Kạn,Ba Bể,Năng,27/7/2002
Bắc Kạn,Ba Bể,-,31/7/2010
Bắc Kạn,Bạch Thông,Năng,2/8/2002
Bắc Kạn,Bạch Thông,Cầu,24/9/1990
Bắc Kạn,Bạch Thông,-,15/8/1996
Bắc Kạn,Bạch Thông,-,25/7-4/8/2015
Bắc Kạn,Pác Nặm,-,4/7/2009
Bắc Kạn,Pác Nặm,-,25/7-4/8/2015
Bắc Kạn,Chợ Đồn,-,1/7/1986
Bắc Kạn,Chợ Đồn,-,17/6/2002
Bắc Kạn,Chợ Đồn,Phó Đáy,5/10/2000
Bắc Kạn,Chợ Đồn,-,25/7-4/8/2015
Bắc Kạn,Na Rì,Cầu,22/9/1990
Bắc Kạn,Na Rì,Bắc Giang,22/9/1990
Bắc Kạn,Na Rì,-,13/6/2008
Bắc Kạn,Na Rì,-,25/7-4/8/2015
Bắc Kạn,Ngân Sơn,-,4/7/1997
Bắc Kạn,Ngân Sơn,-,14/8/2017
Bắc Kạn,TP. Bắc Kạn,Cầu,22/9/1990
Bắc Kạn,TP. Bắc Kạn,Cầu,5/10/2000
Bắc Kạn,TP. Bắc Kạn,-,14/5/2002
Bắc Kạn,TP. Bắc Kạn,-,5/10/2008
Bắc Kạn,TP. Bắc Kạn,-,25/8/2017
Bình Định,An Lão,An lão,3/12/1999
Bình Định,Phù Mỹ,-,15/6/1990
Bình Định,Vĩnh Thạnh,Côn,3/12/1999
Bình Dương,TX. Bến Cát,-,9/10/2000
Bình Dương,TX. Tân Uyên,-,9/10/2000
Bình Dương,Thuận An,-,9/10/2000
Bình Dương,TP. Thủ Dầu Một,-,3/6/2002
Bình Phước,Đồng Phú,-,17/8/2001
Bình Phước,TX. Phước Long,-,28/7/1997
Bình Phước,Lộc Ninh,-,22/7/2014
Bình Thuận,Bắc Bình,-,29/6/1998
Bình Thuận,Bắc Bình,La Ngà,14/6/1999
Bình Thuận,Bắc Bình,-,19/5/1996
Bình Thuận,Bắc Bình,-,15/9/1996
Bình Thuận,Bắc Bình,Lũy,6/10/2009
Bình Thuận,Bắc Bình,-,23/10/2010
Bình Thuận,Đức Linh,-,15/9/1996
Bình Thuận,Đức Linh,La Ngà,14/6/1999
Bình Thuận,Đức Linh,-,25/7/1994
Bình Thuận,Đức Linh,Dinh,21/8/2000
Bình Thuận,Hàm Tân,Dinh,29/8/1999
Bình Thuận,Hàm Tân,-,15/9/1996
Bình Thuận,Hàm Tân,Dinh,9/9/1995
Bình Thuận,Hàm Thuận Bắc,-,19/5/1996
Bình Thuận,Hàm Thuận Bắc,-,15/9/1996
Bình Thuận,Hàm Thuận Nam,-,15/9/1996
Bình Thuận,Tánh Linh,-,15/9/1996
Bình Thuận,Tánh Linh,La Ngà,14/6/1999
Bình Thuận,Tánh Linh,-,26/7/1997
Bình Thuận,Tánh Linh,La Ngà,1/7/1994
Bình Thuận,Tánh Linh,Dinh,18/8/2000
Bình Thuận,Tánh Linh,-,30/8/2002
Bình Thuận,Tánh Linh,-,9/9/2008
Bình Thuận,Tuy Phong,-,24/10/1992
Bình Thuận,Tuy Phong,-,15/9/1996
Bình Thuận,Tuy Phong,-,15/9/1996
Bình Thuận,TP. Phan Thiết,-,15/9/1996
Bình Thuận,TP. Phan Thiết,-,17/5/2004
Cao Bằng,Bảo Lạc,-,29/7/1996
Cao Bằng,Bảo Lâm,-,4/7/1997
Cao Bằng,Hạ Lang,-,7/6/2001
Cao Bằng,Hà Quảng,-,8/9/2007
Cao Bằng,Nguyên Bình,-,18/7/2004
Cao Bằng,Nguyên Bình,-,23/5/2012
Cao Bằng,Thạch An,-,3/5/2006
Cao Bằng,Trùng Khánh,-,7/6/2001
Cao Bằng,TP. Cao Bằng,-,2/6/2002
Cao Bằng,Thông Nông,-,25/7-4/8/2015
Cao Bằng,Thông Nông,-,2/8/2017
Đắk Lắk,Buôn Đôn,-,19/8/2002
Đắk Lắk,Buôn Đôn,Krông Knô,17/7/1994
Đắk Lắk,Cư M'Gar,-,18/5/1993
Đắk Lắk,Ea Kar,Krông Ana,11/6/1990
Đắk Lắk,Ea Súp,-,19/8/2000
Đắk Lắk,Ea Súp,-,7/10/2009
Đắk Nông,28/7/1999
Đắk Nông,Tuy Đức,-,11/5/2008
Đồng Nai,Tân Phú,-,17/8/2002
Đồng Nai,Tân Phú,-,28/4/1998
Gia Lai,TP. Pleiku,-,3/1/1995
Gia Lai,Chư Prông,-,29/6/2011
Hà Giang,Bắc Mễ,-,25/7/1998
Hà Giang,Bắc Mễ,-,16/6/1993
Hà Giang,Bắc Mễ,-,5/6/1993
Hà Giang,Bắc Mễ,-,7/6/2001
Hà Giang,Bắc Mễ,-,18/7/2004
Hà Giang,Bắc Mễ,-,17/7/2006
Hà Giang,Bắc Mễ,-,8/7/2006
Hà Giang,Bắc Mễ,-,29/6/2007
Hà Giang,Bắc Mễ,-,3/6/1995
Hà Giang,Bắc Mễ,-,23/6/2012
Hà Giang,Bắc Quang,-,21/7/2000
Hà Giang,Bắc Quang,-,5/6/1993
Hà Giang,Bắc Quang,-,16/6/1993
Hà Giang,Bắc Quang,-,12/7/1997
Hà Giang,Bắc Quang,-,3/6/1995
Hà Giang,Bắc Quang,-,25/7-4/8/2015
Hà Giang,Đồng Văn,Lô,5/6/1993
Hà Giang,Đồng Văn,-,
Hà Giang,Đồng Văn,-,18/7/2004
Hà Giang,Đồng Văn,-,15/5/2004
Hà Giang,Đồng Văn,-,15/7/2008
Hà Giang,Hoàng Su Phì,-,17/6/2007
Hà Giang,Hoàng Su Phì,-,25/7/2006
Hà Giang,Hoàng Su Phì,-,20/6/2007
Hà Giang,Hoàng Su Phì,-,3/6/1995
Hà Giang,Hoàng Su Phì,-,7/6/2002
Hà Giang,Hoàng Su Phì,-,5/6/1993
Hà Giang,Hoàng Su Phì,-,7/10/1996
Hà Giang,Hoàng Su Phì,-,23/7/2008
Hà Giang,Hoàng Su Phì,-,19/6/2009
Hà Giang,Hoàng Su Phì,-,4/7/2009
Hà Giang,Hoàng Su Phì,-,29/7/2016
Hà Giang,Hoàng Su Phì,-,9/7/2017
Hà Giang,Mèo Vạc,Lô,5/6/1993
Hà Giang,Mèo Vạc,-,18/7/2004
Hà Giang,Mèo Vạc,-,30/8/2017
Hà Giang,Quản Bạ,Lô,5/6/1993
Hà Giang,Quang Bình,-,29/6/2006
Hà Giang,Quang Bình,-,25/7-4/8/2015
Hà Giang,TP. Hà Giang,-,21/7/2000
Hà Giang,TP. Hà Giang,Lô,5/6/1993
Hà Giang,"TP. Hà Giang, Đồng Văn, Xín Mần, Hoàng Su Phì, Bắc Quang",-,19-20/7/2013
Hà Giang,Vị Xuyên,-,28/5/1989
Hà Giang,Vị Xuyên,Lô,5/6/1993
Hà Giang,Vị Xuyên,-,21/7/2000
Hà Giang,Vị Xuyên,-,19/6/2007
Hà Giang,Vị Xuyên,-,20/6/2007
Hà Giang,Vị Xuyên,-,29/6/2007
Hà Giang,Vị Xuyên,-,29/6/2007
Hà Giang,Vị Xuyên,-,8/7/2006
Hà Giang,Vị Xuyên,-,18/7/2004
Hà Giang,Vị Xuyên,-,17/8/1996
Hà Giang,Vị Xuyên,-,28/8/2008
Hà Giang,Vị Xuyên,-,7/9/2015
Hà Giang,Xín Mần,-,23/6/2006
Hà Giang,Xín Mần,-,3/6/1995
Hà Giang,Xín Mần,Chảy,5/6/1993
Hà Giang,Xín Mần,-,30/5/1995
Hà Giang,Xín Mần,-,24-26/7/2008
Hà Giang,Xín Mần,-,27/4/2009
Hà Giang,Xín Mần,-,26/4/2010
Hà Giang,Xín Mần,-,20/7/2017
Hà Giang,Yên Minh,Lô,5/6/1993
Hà Giang,Yên Minh,-,4/4/2004
Hà Giang,Yên Minh,-,19/7/2004
Hà Giang,Yên Minh,-,18/7/2004
Hà Giang,Yên Minh,-,18/7/2004
Hà Giang,Yên Minh,-,24/7/2010
Hà Tĩnh,Hương Khê,-,17/9/2002
Hà Tĩnh,Hương Khê,-,5/6/2009
Hà Tĩnh,Hương Sơn,-,17/9/2002
Hà Tĩnh,Hương Sơn,Ngàn Phố,26/5/1989
Hà Tĩnh,Hương Sơn,-,16/10/2013
Hà Tĩnh,Vũ Quang,-,24-26/9/2009
Hà Tĩnh,Vũ Quang,-,16/10/2013
Hà Tĩnh,Vũ Quang,-,22/9/2014
Hoà Bình,Kỳ Sơn,-,28/6/1995
Hoà Bình,Lương Sơn,Bùi,2/6/2001
Hoà Bình,Lương Sơn,Bùi,9/7/2001
Hoà Bình,"Kim Bôi, Tân Lạc, Lạc Sơn, Mai Châu, Kỳ Sơn",-,11-12/10/2017
Kiên Giang,Kiên Hải,-,28/7/1998
Kiên Giang,TP. Phú Quốc,-,20/8/1997
Kon Tum,TP. Kon Tum,-,7/8/2008
Kon Tum,TP. Kon Tum,-,28-29/9/2009
Điện Biên,-,6/7/2004
Điện Biên,-,14/6/2005
Điện Biên,Điện Biên Đông,-,24/8/1997
Điện Biên,Điện Biên Đông,-,8/8/1997
Điện Biên,TX. Mường Lay,-,23/7/1994
Điện Biên,TX. Mường Lay,-,15/8/1996
Điện Biên,TX. Mường Lay,-,25/7-4/8/2015
Điện Biên,Mường Ảng,-,25/7-4/8/2015
Điện Biên,Nậm Pồ,-,2-3/8/2017
Điện Biên,Tuần Giáo,-,8/8/1997
Điện Biên,Tuần Giáo,-,25/7-4/8/2015
Điện Biên,TP. Điện Biên Phủ,Nậm Rốn,2/9/1975
Điện Biên,TP. Điện Biên Phủ,Nậm Rốn,14/7/1994
Điện Biên,TP. Điện Biên Phủ,-,4/8/2008
Điện Biên,TP. Điện Biên Phủ,-,23/7/2011
Lai Châu,Mường Tè,-,15/8/1996
Lai Châu,Mường Tè,-,17/3/1997
Lai Châu,Mường Tè,-,17/3/1997
Lai Châu,Mường Tè,-,24/7/1998
Lai Châu,Mường Tè,-,11/7/1998
Lai Châu,Mường Tè,-,11-12/7/2008
Lai Châu,Mường Tè,-,30/7/2009
Lai Châu,Mường Tè,-,30/6/2011
Lai Châu,Nậm Nhùn,-,25/7-4/8/2015
Lai Châu,Phong Thổ,-,22/7/1998
Lai Châu,Phong Thổ,-,22/7/1998
Lai Châu,Phong Thổ,-,25/6/1998
Lai Châu,Phong Thổ,-,17/3/1997
Lai Châu,Phong Thổ,-,26/6/1958
Lai Châu,Phong Thổ,-,2/7/1992
Lai Châu,Phong Thổ,-,15/8/1996
Lai Châu,Phong Thổ,-,4/9/2013
Lai Châu,Sìn Hồ,-,15/8/1996
Lai Châu,Sìn Hồ,Nậm Na,7/7/1976
Lai Châu,Sìn Hồ,-,17/3/1997
Lai Châu,Sìn Hồ,-,17/6/2002
Lai Châu,Sìn Hồ,Nậm Mạ,3/10/2000
Lai Châu,Sìn Hồ,-,30/6/2008
Lai Châu,Sìn Hồ,-,5/6/2013
Lai Châu,TP. Lai Châu,-,27/6/1991
Lai Châu,TP. Lai Châu,-,17/3/1997
Lai Châu,TP. Lai Châu,-,11/7/1998
Lai Châu,TP. Lai Châu,Nậm Mức,1/8/2002
Lai Châu,TP. Lai Châu,Ray,6/9/2007
Lai Châu,TP. Lai Châu,-,15/8/1996
Lai Châu,Tam Đường,-,4/7/2009
Lai Châu,Tam Đường,-,12/8/2013
Lâm Đồng,Đạ Huoai,-,21/8/2000
Lâm Đồng,Đạ Tẻ,-,21/8/2000
Lâm Đồng,Lạc Dương Lạc Dương,-,31/5/2000
Lâm Đồng,Lạc Dương Lạc Dương,-,19/8/2002
Lạng Sơn,Bắc Sơn,-,25/8/1994
Lạng Sơn,Bình Gia,Bắc Giang,10/5/1993
Lạng Sơn,"Bình Gia, Văn Lãng, Hữu Lũng",-,11-16/7/2008
Lạng Sơn,Cao Lộc,-,25/8/1994
Lạng Sơn,Đình lập,Lục Nam,25/8/1994
Lạng Sơn,Hữu Lũng,Cà Lố,25/8/1994
Lạng Sơn,Lộc Bình,Kỳ Cùng,25/8/1994
Lạng Sơn,Lộc Bình,-,4/6/1998
Lạng Sơn,Tràng Định,-,25/8/1994
Lạng Sơn,TP. Lạng Sơn,Kỳ Cùng,1/7/1976
Lạng Sơn,TP. Lạng Sơn,Kỳ Cùng,1/7/1986
Lạng Sơn,Văn Quan,-,11/5/1998
Lào Cai,Bắc Hà,-,7/7/1998
Lào Cai,Bắc Hà,-,16/6/2003
Lào Cai,Bắc Hà,Nậm Mu,1/8/2002
Lào Cai,Bắc Hà,-,14/5/2002
Lào Cai,Bắc Hà,-,29/5/2001
Lào Cai,Bắc Hà,-,
Lào Cai,Bắc Hà,-,2/8/1996
Lào Cai,Bắc Hà,-,31/8/2012
Lào Cai,Bắc Hà,-,25/7-4/8/2015
Lào Cai,Bảo Thắng,-,15/7/2000
Lào Cai,Bảo Thắng,-,7/7/1998
Lào Cai,Bảo Thắng,-,30/6/1988
Lào Cai,Bảo Thắng,-,24/7/2008
Lào Cai,"Bảo Thắng, Bắc Hà, Bát Xát, TP. Sa Pa",-,23-26/7/2008
Lào Cai,"Bát Xát, TP. Sa Pa, Bảo Thắng, Bảo Yên",-,9/8/2008
Lào Cai,"Bảo Thắng, Mường Khương, Bát Xát, TP. Sa Pa",-,5/8/2016
Lào Cai,"Bắc Hà, Mường Khương, Bảo Yên, Si Ma Cai",-,16/8/2017
Lào Cai,Bảo Yên,-,15/5/1992
Lào Cai,Bảo Yên,-,7/7/1998
Lào Cai,Bảo Yên,-,1/8/2007
Lào Cai,Bảo Yên,-,4/8/2008
Lào Cai,Bảo Yên,-,5/9/2010
Lào Cai,Bảo Yên,-,25/7/2012
Lào Cai,Bảo Yên,-,11/5/2013
Lào Cai,Bảo Yên,-,11/5/2014
Lào Cai,Bát Xát,-,17/5/2007
Lào Cai,Bát Xát,-,
Lào Cai,Bát Xát,-,7/7/1998
Lào Cai,Bát Xát,Hồng,14/6/1974
Lào Cai,Bát Xát,-,16/7/1994
Lào Cai,Bát Xát,-,2/8/1996
Lào Cai,Bát Xát,-,24/7/1996
Lào Cai,Bát Xát,-,30/5/2008
Lào Cai,Bát Xát,-,9/8/2008
Lào Cai,Bát Xát,-,2/8/2010
Lào Cai,Bát Xát,-,26/8/2017
Lào Cai,Mường Khương,-,3/7/1995
Lào Cai,Mường Khương,-,7/7/1998
Lào Cai,Mường Khương,Nậm Mu,1/8/2002
Lào Cai,TP. Sa Pa,-,15/7/2000
Lào Cai,TP. Sa Pa,-,7/7/1998
Lào Cai,TP. Sa Pa,-,24/7/1998
Lào Cai,TP. Sa Pa,Ngòi Bo,18/8/1993
Lào Cai,TP. Sa Pa,-,23/7/2008
Lào Cai,TP. Sa Pa,-,8/8/2008
Lào Cai,TP. Sa Pa,-,4/8/2010
Lào Cai,TP. Sa Pa,-,4/9/2013
Lào Cai,TP. Sa Pa,-,17/7/2017
Lào Cai,Than Uyên,-,25/6/1998
Lào Cai,Than Uyên,-,17/3/1997
Lào Cai,Than Uyên,Nậm Mu,1/8/2002
Lào Cai,Than Uyên,-,13/6/2002
Lào Cai,Than Uyên,-,15/8/1996
Lào Cai,TP. Lào Cai,-,7/7/1998
Lào Cai,TP. Lào Cai,-,31/8/2008
Lào Cai,TP. Lào Cai,-,7/7/1998
Lào Cai,TP. Lào Cai,-,10/9/2007
Lào Cai,TP. Lào Cai,-,12/5/2011
Lào Cai,TP. Lào Cai,-,22-23/7/2011
Lào Cai,TP. Lào Cai,-,8/9/2011
Lào Cai,TP. Lào Cai,-,12/5/2012
Lào Cai,TP. Lào Cai,-,26/9/2012
Lào Cai,TP. Lào Cai,-,22/4/2013
Lào Cai,TP. Lào Cai,-,22/4/2014
Lào Cai,Si Ma Cai,-,25/74/8/2015
Lào Cai,Văn Bàn,Nậm Mạ,4/10/2007
Lào Cai,Văn Bàn,Ngòi Nhù,23/7/2003
Lào Cai,Văn Bàn,-,7/7/1998
Lào Cai,Văn Bàn,-,2/8/1996
Lào Cai,Văn Bàn,-,24/7/1996
Lào Cai,Văn Bàn,-,12/8/2011
Lào Cai,Văn Bàn,-,19-20/8/2016
Nghệ An,Quế Phong,-,5/10/2007
Nghệ An,Tương Dương,-,26/5/2009
Nghệ An,Tương Dương,-,20/6/2010
Nghệ An,Tương Dương,-,22/9/2014
Nghệ An,"Tương Dương, Kỳ Sơn",-,25-26/6/2011
Nghệ An,Kỳ Sơn,-,22/7/2011
Nghệ An,Kỳ Sơn,-,24/8/2011
Nghệ An,Kỳ Sơn,-,23/6/2013
Nghệ An,Kỳ Sơn,-,21/7/2017
Nghệ An,Quỳ Châu,-,26/9/2009
Nghệ An,Quỳ Châu,-,14/9/2016
Ninh Thuận,Bắc Ái,-,15/9/2008
Ninh Thuận,Ninh Hải,-,25/9/1994
Ninh Thuận,Ninh Phước,-,29/6/1998
Ninh Thuận,Ninh Phước,-,26/7/1998
Ninh Thuận,Ninh Phước,-,13/11/2003
Ninh Thuận,Ninh Phước,-,14/9/1995
Ninh Thuận,Ninh Sơn,-,29/6/1998
Ninh Thuận,Ninh Sơn,-,22/8/2011
Ninh Thuận,Ninh Sơn,-,10/10/2011
Phú Thọ,Cẩm Khê,-,27/9/2005
Phú Thọ,Đoan Hùng,Chảy,9/7/1995
Phú Thọ,Hạ Hoà Hạ Hoà,-,27/9/2005
Phú Thọ,Hạ Hoà Hạ Hoà,-,9/8/2008
Phú Thọ,Tam Nông,-,27/9/2005
Phú Thọ,Tam Nông,-,18/9/2005
Phú Thọ,Thanh Sơn,Bứa,28/9/2005
Phú Thọ,Thanh Sơn,-,24/7/2003
Phú Thọ,Thanh Sơn,-,27/10/2001
Phú Thọ,TP. Phú Thọ,-,22/7/2000
Phú Thọ,TP. Phú Thọ,-,6/9/2007
Phú Thọ,Yên Lập,Ngòi Lao,18/6/2006
Phú Thọ,Yên Lập,-,2/9/1999
Phú Thọ,Yên Lập,-,24/7/2003
Phú Thọ,Yên Lập,-,20-21/9/2014
Phú Yên,TP. Tuy Hoà,Đà Rằng,4/10/1993
Quảng Bình,Lệ Thuỷ,Kiến Giang,8/10/1992
Quảng Bình,Lệ Thuỷ,-,11/10/2007
Quảng Bình,Quảng Ninh,Kiến Giang,2/11/1999
Quảng Bình,Quảng Trạch,Gianh,18/3/1993
Quảng Bình,Tuyên Hoá,-,22/8/2007
Quảng Bình,TP. Đồng Hới,Kiến Giang,7/10/1992
Quảng Nam,Duy Xuyên,Thu Bồn,25/12/1992
Quảng Nam,Phước Sơn,-,31/10/2007
Quảng Nam,Quế Sơn,-,10/11/1964
Quảng Nam,Thăng Bình,-,10/11/1964
Quảng Nam,Tiên Phước,Thu Bồn,4/12/1999
Quảng Nam,Trà My,-,16/10/2007
Quảng Ngãi,Sơn Hà,Trà khúc,4/12/1999
Quảng Ngãi,Bình Sơn,-,4/11/2010
Quảng Ninh,Ba Chẽ,-,28/6/2001
Quảng Ninh,Ba Chẽ,-,5/9/1996
Quảng Ninh,Bình Liêu,-,5/9/1996
Quảng Ninh,Bình Liêu,-,9/6/2005
Quảng Ninh,Cô Tô,-,5/9/1996
Quảng Ninh,TX. Đông Triều,-,5/9/1996
Quảng Ninh,TX. Đông Triều,-,13/7/1994
Quảng Ninh,Đầm Hà,-,30/10/2014
Quảng Ninh,Hải Ninh,-,5/9/1996
Quảng Ninh,Hoành Bồ,-,5/9/1996
Quảng Ninh,Quảng Hà,-,5/9/1996
Quảng Ninh,Quảng Hà,-,13/7/1994
Quảng Ninh,Quảng Hà,-,4/7/1998
Quảng Ninh,Tiên Yên,-,5/9/1996
Quảng Ninh,TP. Hạ Long,-,5/9/1996
Quảng Ninh,TP. Hạ Long,-,13/7/1994
Quảng Ninh,TP. Cẩm Phả,-,5/9/1996
Quảng Ninh,TP. Uông Bí,-,5/9/1996
Quảng Ninh,TP. Uông Bí,-,13/7/1994
Quảng Ninh,Vân Đồn,-,5/9/1996
Quảng Ninh,TX. Quảng Yên,-,5/9/1996
Quảng Ninh,TX. Quảng Yên,-,13/7/1994
Quảng Ninh,TX. Quảng Yên,-,4/7/1998
Quảng Trị,Đa Krông,Thạch Hãn,2/11/1999
Quảng Trị,Gio Linh,Bến Hải,28/10/1992
Quảng Trị,Gio Linh,Bến Hải,7/10/1992
Sơn La,Bắc Yên,Đà,3/8/1994
Sơn La,Bắc Yên,-,10/5/2006
Sơn La,Bắc Yên,Đà,1/7/1996
Sơn La,Bắc Yên,Đà,24/7/1996
Sơn La,Bắc Yên,-,4-5/9/2015
Sơn La,Mai Sơn,-,24/7/1996
Sơn La,Mai Sơn,-,1/7/1996
Sơn La,Mai Sơn,-,10/5/2006
Sơn La,Mai Sơn,Nậm Sập,3/8/1994
Sơn La,Mộc Châu,Nậm Sập,3/8/1994
Sơn La,Mộc Châu,-,19/4/1999
Sơn La,Mộc Châu,-,4/10/2007
Sơn La,Mộc Châu,-,5/10/2007
Sơn La,Mộc Châu,Nậm Sập,1/7/1996
Sơn La,Mộc Châu,-,24/7/1996
Sơn La,Mường La,-,24/7/1996
Sơn La,Mường La,-,1/7/1996
Sơn La,Mường La,-,17/6/2007
Sơn La,Mường La,-,26/4/1999
Sơn La,Mường La,-,3/8/1994
Sơn La,Mường La,-,30/5/2012
Sơn La,Mường La,-,6/8/2012
Sơn La,Mường La,-,21/4/2015
Sơn La,Mường La,-,25/7-4/8/2015
Sơn La,Mường La,-,3/8/2017
Sơn La,Phù Yên,-,3/8/1994
Sơn La,Phù Yên,-,27/7/1997
Sơn La,Phù Yên,-,1/7/1996
Sơn La,Phù Yên,-,24/7/1996
Sơn La,Quỳnh Nhai,-,1/7/1996
Sơn La,Quỳnh Nhai,-,24/7/1996
Sơn La,Quỳnh Nhai,Chảy,17/6/1995
Sơn La,Quỳnh Nhai,-,13/7/1997
Sơn La,Quỳnh Nhai,-,3/8/1994
Sơn La,Quỳnh Nhai,-,17/7/2006
Sơn La,Sông Mã,-,3/6/2006
Sơn La,Sông Mã,-,3/8/1994
Sơn La,Sông Mã,-,1/7/1996
Sơn La,Sông Mã,-,24/7/1996
Sơn La,Sông Mã,-,23/5/2010
Sơn La,Sốp Cộp,-,24/7/1996
Sơn La,Sốp Cộp,Nậm Pàn,1/7/1996
Sơn La,Sốp Cộp,Nậm Pàn,3/8/1994
Sơn La,Sốp Cộp,-,11/8/2006
Sơn La,Sốp Cộp,-,5/5/2005
Sơn La,Thuận Châu,-,3/8/1994
Sơn La,Thuận Châu,-,24/7/1996
Sơn La,Thuận Châu,-,1/7/1996
Sơn La,Thuận Châu,-,17/7/2008
Sơn La,Thuận Châu,-,6/8/2008
Sơn La,Thuận Châu,-,13/8/2010
Sơn La,Thuận Châu,-,24/6/2015
Sơn La,Thuận Châu,-,25/7-4/8/2015
Sơn La,Thuận Châu,-,19-20/8/2015
Sơn La,TP. Sơn La,-,1/7/1996
Sơn La,TP. Sơn La,-,24/7/1996
Sơn La,TP. Sơn La,-,3/8/1994
Sơn La,TP. Sơn La,-,27/7/1991
Sơn La,Yên Châu,-,3/8/1994
Sơn La,Yên Châu,-,3/6/1999
Sơn La,Yên Châu,Nậm Sập,1/7/1996
Sơn La,Yên Châu,-,24/7/1996
Sơn La,Yên Châu,-,4/6/2013
Thái Nguyên,Đại Từ,-,15/8/1996
Thái Nguyên,Đại Từ,Công,4/10/1978
Thái Nguyên,Đại Từ,-,27/7/2001
Thái Nguyên,Đại Từ,-,25/7-4/8/2015
Thái Nguyên,Định Hoá,-,15/8/1996
Thái Nguyên,Định Hoá,-,14/6/1996
Thái Nguyên,Định Hoá,-,1/7/2016
Thái Nguyên,Định Hoá,-,25/8/2017
Thái Nguyên,Đồng Hỷ,-,15/8/1996
Thái Nguyên,Đồng Hỷ,Cầu,24/9/1990
Thái Nguyên,TX. Phổ Yên,-,20/10/1969
Thái Nguyên,TX. Phổ Yên,-,18/7/1997
Thái Nguyên,Phú Lương,Cầu,4/7/2001
Thái Nguyên,Phú Lương,-,15/8/1996
Thái Nguyên,Võ Nhai,-,15/8/1996
Thái Nguyên,Võ Nhai,-,2/7/1973
Thanh Hoá,Bá Thước,-,6/9/2007
Thanh Hoá,Quan Hoá,-,26/8/2005
Thanh Hoá,Quan Sơn,-,3/10/2007
Thanh Hoá,Như Xuân,-,14/9/2016
Thanh Hoá,Mường Lát,-,28/4/2010
Thanh Hoá,Mường Lát,-,24/5/2013
Thanh Hoá,Mường Lát,-,23/6/2014
Thanh Hoá,Triệu Sơn,-,25/11/2009
Thanh Hoá,Thường Xuân,-,14/5/1995
Tuyên Quang,Chiêm Hóa,Lô,17/7/2006
Tuyên Quang,Chiêm Hóa,-,16/8/1996
Tuyên Quang,Hàm Yên,-,16/8/1996
Tuyên Quang,Hàm Yên,-,3/6/2007
Tuyên Quang,Hàm Yên,-,20/7/1997
Tuyên Quang,Hàm Yên,-,30/7/1998
Tuyên Quang,Hàm Yên,-,7-9/8/2008
Tuyên Quang,Hàm Yên,-,25/7-4/8/2015
Tuyên Quang,Nà Hang,-,16/8/1996
Tuyên Quang,Nà Hang,-,25/7-4/8/2015
Tuyên Quang,Sơn Dương,-,16/8/1996
Tuyên Quang,Sơn Dương,-,28/4/2007
Tuyên Quang,Sơn Dương,Phó Đáy,5/7/2001
Tuyên Quang,TP. Tuyên Quang,-,23/7/2000
Tuyên Quang,TP. Tuyên Quang,-,14/5/2002
Tuyên Quang,TP. Tuyên Quang,Lô,21/8/2005
Tuyên Quang,TP. Tuyên Quang,-,16/8/1996
Tuyên Quang,Yên Sơn,-,16/8/1996
Tuyên Quang,Yên Sơn,-,7/10/2000
Vĩnh Phúc,Lập Thạch,-,22/7/2000
Vĩnh Phúc,Lập Thạch,-,21/7/2007
Vĩnh Phúc,Tam Đảo,-,21/7/2000
Yên Bái,Lục Yên,-,12/7/1997
Yên Bái,Lục Yên,-,22/7/2010
Yên Bái,Lục Yên,-,15/8/2011
Yên Bái,Mù Cang Chải,-,28/8/1998
Yên Bái,Mù Cang Chải,-,26/6/1998
Yên Bái,Mù Cang Chải,-,22/6/1977
Yên Bái,Mù Cang Chải,Nậm Kim,1/8/2002
Yên Bái,Mù Cang Chải,-,23/6/2011
Yên Bái,Mù Cang Chải,-,25/7-4/8/2015
Yên Bái,Mù Cang Chải,-,3/8/2017
Yên Bái,TX. Nghĩa Lộ,-,4/10/2007
Yên Bái,TX. Nghĩa Lộ,-,2/9/2011
Yên Bái,TX. Nghĩa Lộ,-,11/10/2017
Yên Bái,TP. Yên Bái,-,31/8/2007
Yên Bái,TP. Yên Bái,-,31/8/2007
Yên Bái,TP. Yên Bái,-,5/10/2007
Yên Bái,TP. Yên Bái,-,11/7/2005
Yên Bái,TP. Yên Bái,-,16/8/1995
Yên Bái,Trạm Tấu,-,29/7/2016
Yên Bái,Trạm Tấu,-,19-20/8/2016
Yên Bái,Văn Chấn,-,5/8/2006
Yên Bái,Văn Chấn,-,27/9/2005
Yên Bái,Văn Chấn,-,18/9/2005
Yên Bái,Văn Chấn,-,28/6/1998
Yên Bái,Văn Chấn,-,28/8/1998
Yên Bái,Văn Chấn,-,31/8/1999
Yên Bái,Văn Yên,-,14/8/2010
Yên Bái,Văn Yên,-,14/8/2011
Yên Bái,Yên Bình,-,5/10/1997
Yên Bái,Yên Bình,-,24/8/2007
Yên Bái,Yên Bình,-,11/7/2005
Bắc Kạn,Chợ Đồn,-,13/04/2008
Bắc Kạn,Na Rì,-,13/04/2008
Lào Cai,Bát Xát,Ngòi Phát,30/05/2008
Hà Giang,Hoàng Su Phì,-,20/06/2008
Lai Châu,TX. Mường Lay,-,30/06/2008
Lào Cai,Văn Bàn,Nậm Tu,30/06-04/07/2008
Lào Cai,TP. Sa Pa,-,30/06-04/07/2008
Lào Cai,Bắc Hà,-,30/06-04/07/2008
Sơn La,Sốp Cộp,-,07/07/2008
Lạng Sơn,Hữu Lũng,-,11/7-16/7/2008
Lai Châu,Mường Tè,Nậm Thọ,11/7-12/7/2008
Sơn La,Thuận Châu,-,12/07/2008
Sơn La,Mường La,-,13/07/2008
Hà Giang,Đồng Văn,-,15/07/2008
Sơn La,Thuận Châu,-,17/07/2008
Lào Cai,TP. Sa Pa,-,23/07/2008
Lào Cai,Bảo Thắng,-,24/07/2008
Lào Cai,Bắc Hà,-,25/07/2008
Lào Cai,Bảo Yên,-,04/08/2008
Điện Biên,TP. Điện Biên Phủ,-,04/08/2008
Kon Tum,TP. Kon Tum,-,07/08/2008
Hà Giang,"Bắc Quang, Vị Xuyên, Hoàng Su Phì",-,8-9/7/2008
Tuyên Quang,Hàm Yên,-,8-9/7/2008
Lào Cai,TP. Sa Pa,-,08/08/2008
Phú Thọ,Hạ Hòa,-,08/08/2008
Lào Cai,Bảo Yên,-,8/8-9/8/2008
Yên Bái,"Lục Yên, Yên Bình, Vân Yên, TP. Yên Bái, Trấn Yên",-,8/8-9/8/2008
Yên Bái,Yên Bình,-,8/8-9/8/2008
Lào Cai,Bát Xát,-,09/08/2008
Lạng Sơn,Văn Lang,-,09/08/2008
Bắc Kạn,Ba Bể,-,12/8-13/8/2008
Hà Giang,Vị Xuyên,-,28/08/2008
Lào Cai,-,Cam Đường,31/08/2008
Bình Thuận,Tánh Linh,Cầu Mi,8/9-9/9/2008
Đồng Nai,"Long Khánh, TX. Long Khánh",-,09/09/2008
Sơn La,Bắc Yên,-,24/9-26/9/2008
Yên Bái,Lục Yên,-,22/10-23/10/2008
Hà Giang,"Quang Bình, Bắc Quang",-,23/10/2008
Sơn La,"Sông Mã, Thuận Châu, Quỳnh Nhai, Bắc Yên",-,26/3-17/4/2009
Thanh Hóa,Thạch Thành,-,14/05/2009
Nghệ An,Tương Dương,-,26/05/2009
Hà Giang,Xín Mần,-,26/04/2010
Thanh Hóa,Mường Lát,-,24/04/2010
Sơn La,Sông Mã,-,23/05/2010
Nghệ An,Tương Dương,-,20/06/2010
Yên Bái,Lục Yên,-,22/07/2010
Hà Giang,Yên Minh,-,24/07/2010
Bắc Kạn,Ba Bể,"Suối Khuổi Siến, Nà Ngàn",31/07/2010
Lào Cai,Bát Xát,-,02/08/2010
Lào Cai,TP. Sa Pa,-,04/08/2010
Yên Bái,Văn Yên,-,14/08/2010
Sơn La,Thuận Châu,-,13/08/2010
Lào Cai,Bảo Yên,Nghĩa Đô,05/09/2010
Bình Thuận,Bắc Bình,-,23/10/2010
Quảng Ngãi,-,04/10/2010
Lào Cai,TP. Lào Cai,Ngàn,12/05/2011
Nghệ An,"TT. Mường Xén, Kỳ Sơn, Tương Dương",Nậm Mộ,24-25/06/2011
Nghệ An,Kỳ Sơn,-,24/08/2011
Lào Cai,TP. Lào Cai,-,04/09/2011
Lào Cai,TP. Lào Cai,-,08/09/2011
Lào Cai,Bắc Hà,-,31/12/2012
Vĩnh Phúc,Lập Thạch,-,12/11/2015
Sơn La,Thuận Châu,-,30/05/2016
Sơn La,Bắc Yên,-,29/05/2016
Thái Nguyên,Định Hóa,-,01/07/2016
Bình Thuận,Tuy Phong,Tân Lê,07/09/2016
Lào Cai,"Bát Xát, TP. Sa Pa",-,05/08/2016
Bình Thuận,Đức Linh,-,02/10/2017
