Loại khảo sát,Mức độ phức tạp của điều kiện nền đất — Loại 1,Mức độ phức tạp của điều kiện nền đất — Loại 2,Mức độ phức tạp của điều kiện nền đất — Loại 3
**Nhà và công trình thuộc tầm quan trọng cấp III**,,,
Khoan lấy mẫu và thí nghiệm xuyên tiêu chuẩn,"Khoảng cách giữa các hố khoan không lớn hơn 70 m, nhưng không ít hơn 1 hố cho mỗi công trình","Khoảng cách giữa các hố khoan không lớn hơn 50 m, nhưng không ít hơn 2 hố cho mỗi công trình","Khoảng cách giữa các hố khoan không lớn hơn 30 m, nhưng không ít hơn 3 hố cho mỗi công trình"
Thí nghiệm trong phòng,Không ít hơn 6 thí nghiệm cho mỗi chỉ tiêu trong phạm vi một yếu tố địa chất công trình,Không ít hơn 6 thí nghiệm cho mỗi chỉ tiêu trong phạm vi một yếu tố địa chất công trình,Không ít hơn 6 thí nghiệm cho mỗi chỉ tiêu trong phạm vi một yếu tố địa chất công trình
Thí nghiệm xuyên tĩnh,"Khoảng cách giữa các điểm xuyên không lớn hơn 35 m, nhưng không ít hơn 2 điểm cho mỗi công trình","Khoảng cách giữa các điểm xuyên không lớn hơn 25 m, nhưng không ít hơn 3 điểm cho mỗi công trình","Khoảng cách giữa các điểm xuyên không lớn hơn 15 m, nhưng không ít hơn 6 điểm cho mỗi công trình"
**Nhà và công trình thuộc tầm quan trọng cấp II**,,,
Khoan lấy mẫu và thí nghiệm xuyên tiêu chuẩn,"Khoảng cách giữa các hố khoan không lớn hơn 50 m, nhưng không ít hơn 2 hố cho mỗi công trình","Khoảng cách giữa các hố khoan không lớn hơn 40 m, nhưng không ít hơn 3 hố cho mỗi công trình","Khoảng cách giữa các hố khoan không lớn hơn 30 m, nhưng không ít hơn 4 hố cho mỗi công trình"
Thí nghiệm trong phòng,Không ít hơn 6 thí nghiệm cho mỗi chỉ tiêu trong phạm vi một yếu tố địa chất công trình,Không ít hơn 6 thí nghiệm cho mỗi chỉ tiêu trong phạm vi một yếu tố địa chất công trình,Không ít hơn 6 thí nghiệm cho mỗi chỉ tiêu trong phạm vi một yếu tố địa chất công trình
Thí nghiệm xuyên tĩnh,"Khoảng cách giữa các điểm xuyên không lớn hơn 25 m, nhưng không ít hơn 6 điểm cho mỗi công trình","Khoảng cách giữa các điểm xuyên không lớn hơn 20 m, nhưng không ít hơn 7 điểm cho mỗi công trình","Khoảng cách giữa các điểm xuyên không lớn hơn 15 m, nhưng không ít hơn 10 điểm cho mỗi công trình"
Nén ngang,-,Không ít hơn 6 thí nghiệm cho mỗi chỉ tiêu trong phạm vi một yếu tố địa chất công trình,Không ít hơn 6 thí nghiệm cho mỗi chỉ tiêu trong phạm vi một yếu tố địa chất công trình
TN cọc ở hiện trường,"Số lượng cọc thử do tư vấn thiết kế quy định. Riêng thí nghiệm thử tải tĩnh khoảng 1 % tổng số cọc, nhưng không ít hơn 2 cọc cho mỗi công trình, khi có đủ cơ sở chuyên môn cho phép tiến hành thử một cọc tại vị trí có điều kiện bất lợi nhất. Nên kết hợp thí nghiệm thử tải tĩnh với thí nghiệm đo biến dạng cọc.","Số lượng cọc thử do tư vấn thiết kế quy định. Riêng thí nghiệm thử tải tĩnh khoảng 1 % tổng số cọc, nhưng không ít hơn 2 cọc cho mỗi công trình, khi có đủ cơ sở chuyên môn cho phép tiến hành thử một cọc tại vị trí có điều kiện bất lợi nhất. Nên kết hợp thí nghiệm thử tải tĩnh với thí nghiệm đo biến dạng cọc.","Số lượng cọc thử do tư vấn thiết kế quy định. Riêng thí nghiệm thử tải tĩnh khoảng 1 % tổng số cọc, nhưng không ít hơn 2 cọc cho mỗi công trình, khi có đủ cơ sở chuyên môn cho phép tiến hành thử một cọc tại vị trí có điều kiện bất lợi nhất. Nên kết hợp thí nghiệm thử tải tĩnh với thí nghiệm đo biến dạng cọc."
**Nhà và công trình thuộc tầm quan trọng cấp I**,,,
Khoan lấy mẫu và thí nghiệm xuyên tiêu chuẩn,"Khoảng cách giữa các hố khoan không lớn hơn 40 m, nhưng không ít hơn 3 hố cho mỗi công trình","Khoảng cách giữa các hố khoan không lớn hơn 30 m, nhưng không ít hơn 4 hố cho mỗi công trình","Khoảng cách giữa các hố khoan không lớn hơn 20 m, nhưng không ít hơn 5 hố cho mỗi công trình"
Thí nghiệm trong phòng,Không ít hơn 6 thí nghiệm cho mỗi chỉ tiêu trong phạm vi một yếu tố địa chất công trình,Không ít hơn 6 thí nghiệm cho mỗi chỉ tiêu trong phạm vi một yếu tố địa chất công trình,Không ít hơn 6 thí nghiệm cho mỗi chỉ tiêu trong phạm vi một yếu tố địa chất công trình
Thí nghiệm xuyên tĩnh,"Khoảng cách giữa các điểm xuyên không lớn hơn 25 m, nhưng không ít hơn 6 điểm cho mỗi công trình","Khoảng cách giữa các điểm xuyên không lớn hơn 15 m, nhưng không ít hơn 8 điểm cho mỗi công trình","Khoảng cách giữa các điểm xuyên không lớn hơn 10 m, nhưng không ít hơn 10 điểm cho mỗi công trình"
Thí nghiệm nén ngang,Không ít hơn 6 thí nghiệm cho mỗi chỉ tiêu trong phạm vi một yếu tố địa chất công trình,Không ít hơn 6 thí nghiệm cho mỗi chỉ tiêu trong phạm vi một yếu tố địa chất công trình,Không ít hơn 6 thí nghiệm cho mỗi chỉ tiêu trong phạm vi một yếu tố địa chất công trình
Thí nghiệm tấm nén,Không ít hơn 2 thí nghiệm cho mỗi yếu tố địa chất công trình khi các kết quả không chênh lệch quá 30 % so với trị trung bình,Không ít hơn 2 thí nghiệm cho mỗi yếu tố địa chất công trình khi các kết quả không chênh lệch quá 30 % so với trị trung bình,Không ít hơn 2 thí nghiệm cho mỗi yếu tố địa chất công trình khi các kết quả không chênh lệch quá 30 % so với trị trung bình
TN cọc ở hiện trường,"Số lượng cọc thử do tư vấn thiết kế quy định. Riêng thí nghiệm thử tải tĩnh khoảng 1 % tổng số cọc, nhưng không ít hơn 2 cọc cho mỗi công trình. Nên kết hợp thí nghiệm thử tải tĩnh với thí nghiệm đo biến dạng cọc.","Số lượng cọc thử do tư vấn thiết kế quy định. Riêng thí nghiệm thử tải tĩnh khoảng 1 % tổng số cọc, nhưng không ít hơn 2 cọc cho mỗi công trình. Nên kết hợp thí nghiệm thử tải tĩnh với thí nghiệm đo biến dạng cọc.","Số lượng cọc thử do tư vấn thiết kế quy định. Riêng thí nghiệm thử tải tĩnh khoảng 1 % tổng số cọc, nhưng không ít hơn 2 cọc cho mỗi công trình. Nên kết hợp thí nghiệm thử tải tĩnh với thí nghiệm đo biến dạng cọc."
